attacktype1,0,1,2,3,4,8,14
1,0.0,0.3333333333333333,0.6666666666666666,0.0,0.0,0.0,0.0
2,0.25,0.25,0.125,0.125,0.0,0.125,0.125
3,0.5833333333333334,0.08333333333333333,0.16666666666666666,0.08333333333333333,0.08333333333333333,0.0,0.0
4,1.0,0.0,0.0,0.0,0.0,0.0,0.0
5,1.0,0.0,0.0,0.0,0.0,0.0,0.0
7,1.0,0.0,0.0,0.0,0.0,0.0,0.0
8,1.0,0.0,0.0,0.0,0.0,0.0,0.0
