weaptype1_txt,0,1,2,3,4,8,14
Chemical,1.0,0.0,0.0,0.0,0.0,0.0,0.0
Explosives,0.45454545454545453,0.09090909090909091,0.2727272727272727,0.09090909090909091,0.09090909090909091,0.0,0.0
Fake Weapons,1.0,0.0,0.0,0.0,0.0,0.0,0.0
Firearms,0.14285714285714285,0.42857142857142855,0.14285714285714285,0.14285714285714285,0.0,0.14285714285714285,0.0
Incendiary,1.0,0.0,0.0,0.0,0.0,0.0,0.0
Melee,0.3333333333333333,0.0,0.3333333333333333,0.0,0.0,0.0,0.3333333333333333
